INSERT INTO chat (chat_id, avatar_url, chat_name) VALUES (1, 'assets/icon/camera.png', 'firstChat');
INSERT INTO chat (chat_id, avatar_url, chat_name) VALUES (2, 'assets/icon/camera.png', 'secondChat');
INSERT INTO chat (chat_id, avatar_url, chat_name) VALUES (3, 'assets/icon/camera.png', 'thirdChat');
INSERT INTO chat (chat_id, avatar_url, chat_name) VALUES (4, 'assets/icon/camera.png', 'forthChat');

INSERT INTO user (user_id, avatar_url, user_name , password, phone_number, last_seen)  VALUES (1, 'https://pickaface.net/gallery/avatar/Shahin_Hanafi5775381770e1f.png', 'Alexei Stephanov', 'password', '+375 33 664-87-13', '2020-07-04 10:11:05');
INSERT INTO user (user_id, avatar_url, user_name , password, phone_number, last_seen) VALUES (2, 'https://pickaface.net/gallery/avatar/20151205_194059_2696_Chat.png', 'Maksimiliyan Katuranau', '16111999m', '+375 33 664-87-14', '2020-07-04 10:11:05');
INSERT INTO user (user_id, avatar_url, user_name , password, phone_number, last_seen)  VALUES (3, 'https://pickaface.net/gallery/avatar/20151205_194059_2696_Chat.png', 'Mark Shulgan', 'password', '+375 33 664-87-12', '2020-07-03 12:11:05');
INSERT INTO user (user_id, avatar_url, user_name , password, phone_number, last_seen)  VALUES (4, 'https://pickaface.net/gallery/avatar/20151205_194059_2696_Chat.png', 'Pavel Kachurka', 'password', '+375 33 664-87-11', '2020-07-04 09:25:05');
INSERT INTO user (user_id, avatar_url, user_name , password, phone_number, last_seen)  VALUES (5, 'https://techday24.com/wp-content/uploads/2020/05/Facebook-avatar-2020-2.jpg', 'Алина Концевич', 'password', '+375 33 664-87-10', '2020-07-02 15:33:05');
INSERT INTO user (user_id, avatar_url, user_name , password, phone_number, last_seen)  VALUES (6, 'https://encrypted-tbn0.gstatic.com/images?q=tbn%3AANd9GcQKYgIpJ-RRcHnyQcXwfWUNtzEHLURfUm9NRqaqYyNXpr1cTQze&usqp=CAU', 'Даниил Федорович', 'password', '+375 33 664-87-09', '2020-07-04 20:20:05');
INSERT INTO user (user_id, avatar_url, user_name , password, phone_number, last_seen)  VALUES (7, 'https://vignette.wikia.nocookie.net/avatar/images/8/85/Royal_messenger.png/revision/latest/top-crop/width/360/height/360?cb=20140510204457', 'Марк Никитков', 'password', '+375 33 664-87-08', '2020-07-04 20:20:05');

INSERT INTO chat_has_members (chat_id, member_id) VALUES (1, 1);
INSERT INTO chat_has_members (chat_id, member_id) VALUES (1, 2);
INSERT INTO chat_has_members (chat_id, member_id) VALUES (1, 4);
INSERT INTO chat_has_members (chat_id, member_id) VALUES (2, 2);
INSERT INTO chat_has_members (chat_id, member_id) VALUES (2, 3);
INSERT INTO chat_has_members (chat_id, member_id) VALUES (3, 1);
INSERT INTO chat_has_members (chat_id, member_id) VALUES (3, 2);
INSERT INTO chat_has_members (chat_id, member_id) VALUES (3, 3);
INSERT INTO chat_has_members (chat_id, member_id) VALUES (3, 5);
INSERT INTO chat_has_members (chat_id, member_id) VALUES (3, 6);
INSERT INTO chat_has_members (chat_id, member_id) VALUES (4, 2);
INSERT INTO chat_has_members (chat_id, member_id) VALUES (4, 6);

INSERT INTO user_has_contacts (user_id, contact_id) VALUES (1, 2);
INSERT INTO user_has_contacts (user_id, contact_id) VALUES (1, 4);
INSERT INTO user_has_contacts (user_id, contact_id) VALUES (2, 1);
INSERT INTO user_has_contacts (user_id, contact_id) VALUES (2, 3);
INSERT INTO user_has_contacts (user_id, contact_id) VALUES (2, 4);
INSERT INTO user_has_contacts (user_id, contact_id) VALUES (2, 5);
INSERT INTO user_has_contacts (user_id, contact_id) VALUES (2, 6);
INSERT INTO user_has_contacts (user_id, contact_id) VALUES (3, 1);
INSERT INTO user_has_contacts (user_id, contact_id) VALUES (3, 2);
INSERT INTO user_has_contacts (user_id, contact_id) VALUES (3, 5);
INSERT INTO user_has_contacts (user_id, contact_id) VALUES (3, 6);
INSERT INTO user_has_contacts (user_id, contact_id) VALUES (4, 1);
INSERT INTO user_has_contacts (user_id, contact_id) VALUES (4, 2);
INSERT INTO user_has_contacts (user_id, contact_id) VALUES (5, 1);
INSERT INTO user_has_contacts (user_id, contact_id) VALUES (5, 2);
INSERT INTO user_has_contacts (user_id, contact_id) VALUES (5, 3);
INSERT INTO user_has_contacts (user_id, contact_id) VALUES (5, 6);
INSERT INTO user_has_contacts (user_id, contact_id) VALUES (6, 1);
INSERT INTO user_has_contacts (user_id, contact_id) VALUES (6, 2);
INSERT INTO user_has_contacts (user_id, contact_id) VALUES (6, 3);
INSERT INTO user_has_contacts (user_id, contact_id) VALUES (6, 5);

INSERT INTO message (message_id, message, chat_id, sender_id, date_sent) VALUES (1, 'some text', 1, 1, '2020-05-01 10:11:05');
INSERT INTO message (message_id, message, chat_id, sender_id, date_sent) VALUES (2, 'some text', 1, 2, '2020-05-01 10:11:05');
INSERT INTO message (message_id, message, chat_id, sender_id, date_sent) VALUES (3, 'some text', 1, 4, '2020-05-01 10:11:05');
INSERT INTO message (message_id, message, chat_id, sender_id, date_sent) VALUES (4, 'some text', 1, 1, '2020-05-01 10:11:05');
INSERT INTO message (message_id, message, chat_id, sender_id, date_sent) VALUES (5, 'some text', 2, 2, '2020-05-01 10:11:05');
INSERT INTO message (message_id, message, chat_id, sender_id, date_sent) VALUES (6, 'some text', 2, 2, '2020-05-01 10:11:05');
INSERT INTO message (message_id, message, chat_id, sender_id, date_sent) VALUES (7, 'some text', 2, 3, '2020-05-01 10:11:05');
INSERT INTO message (message_id, message, chat_id, sender_id, date_sent) VALUES (8, 'some text', 2, 2, '2020-05-01 10:11:05');
INSERT INTO message (message_id, message, chat_id, sender_id, date_sent) VALUES (9, 'some text', 3, 5, '2020-05-01 10:11:05');
INSERT INTO message (message_id, message, chat_id, sender_id, date_sent) VALUES (10, 'some text', 3, 6, '2020-05-01 10:11:05');
INSERT INTO message (message_id, message, chat_id, sender_id, date_sent) VALUES (11, 'some text', 3, 5, '2020-05-01 10:11:05');
INSERT INTO message (message_id, message, chat_id, sender_id, date_sent) VALUES (12, 'some text', 3, 1, '2020-05-01 10:11:05');
INSERT INTO message (message_id, message, chat_id, sender_id, date_sent) VALUES (13, 'some text', 3, 2, '2020-05-01 10:11:05');
INSERT INTO message (message_id, message, chat_id, sender_id, date_sent) VALUES (14, 'some text', 3, 3, '2020-05-01 10:11:05');
INSERT INTO message (message_id, message, chat_id, sender_id, date_sent) VALUES (15, 'some text', 3, 3, '2020-05-01 10:11:05');
INSERT INTO message (message_id, message, chat_id, sender_id, date_sent) VALUES (16, 'some text', 4, 2, '2020-05-01 10:11:05');
INSERT INTO message (message_id, message, chat_id, sender_id, date_sent) VALUES (17, 'some text', 4, 2, '2020-05-01 10:11:05');
INSERT INTO message (message_id, message, chat_id, sender_id, date_sent) VALUES (18, 'some text', 4, 6, '2020-05-01 10:11:05');
INSERT INTO message (message_id, message, chat_id, sender_id, date_sent) VALUES (19, 'some text', 4, 2, '2020-05-01 10:11:05');
